Workbook

Sheet Cover
B2: SPAN MARGIN MODEL
B3: Standard Portfolio Analysis of Risk | NSE F&O | Factor Finance
B5: COLOR CODING CONVENTION
B6: Blue text / yellow background | F6: Hardcoded input — change this
B7: Black text / white background | F7: Formula or calculated value
B8: Green text | F8: Cross-sheet reference
B9: Red text / red background | F9: Loss / worst case scenario
B10: Green text / green background | F10: Gain / positive scenario
B12: SHEET INDEX
B13: Inputs | E13: Market parameters, position setup, exchange SPAN parameters
B14: Scenarios | E14: All 16 SPAN scenarios — price and vol combinations, P&L per scenario
B15: Margin Calc | E15: SPAN margin + exposure margin = total initial margin requirement
B16: Comparison | E16: Naked vs hedged position — portfolio margining benefit illustrated
B17: VIX Sensitivity | E17: Margin requirement across all VIX levels — the event-day effect
B18: Methodology | E18: Formulas, theory, and assumptions behind the model
B21: Model for educational purposes only. Actual NSE SPAN parameters updated daily. Verify against official NSE margin files before trading.

Sheet Inputs
A1: INPUTS & ASSUMPTIONS
A3: A. MARKET PARAMETERS
A4: Nifty Spot Price | B4: INR | C4: 22000 | D4: NSE close price
A5: India VIX | B5: % | C5: 14.5 | D5: NSE India VIX (implied vol proxy)
A6: Risk-Free Rate (RBI Repo) | B6: % p.a. | C6: 0.065 | D6: RBI repo rate
A7: Days to Expiry | B7: days | C7: 7 | D7: Weekly expiry = 7 days
A8: Lot Size (Nifty) | B8: units | C8: 50 | D8: NSE standard lot size
A10: B. NSE SPAN PARAMETERS (set by exchange, updated daily)
A11: Price Scan Range (PSR) | B11: % | C11: 0.035 | D11: Max adverse price move. NSE currently ~3.5% for Nifty
A12: Volatility Scan Range (VSR) | B12: % pts | C12: 0.04 | D12: ±VIX change per scenario. Typically 4 percentage points
A13: Extreme Move Multiple | B13: x | C13: 2 | D13: Scenarios 15 & 16 use 2× PSR for tail risk
A14: Extreme Scenario Weight | B14: % | C14: 0.35 | D14: Low-probability tail events weighted at 35%
A15: Exposure Margin — Index Fut. | B15: % | C15: 0.03 | D15: NSE mandate: 3% of notional for index futures
A16: Exposure Margin — Stock Fut. | B16: % | C16: 0.05 | D16: NSE mandate: 5% of notional for single stock futures
A18: C. POSITION ENTRY (modify rows 20–21 to model different positions)
A19: # | B19: Description | C19: Instrument | D19: Direction | E19: Lots | F19: Strike (INR) | G19: Expiry (days) | H19: Entry Price (INR) | I19: Notional (INR)
A20: 1 | B20: Nifty Futures | C20: Futures | D20: Short | E20: -1 | F20: — | G20: =C7 -> 7 | H20: =C4 -> 22000 | I20: =ABS(E20)*C8*C4 -> 1100000
A21: 2 | B21: Nifty 22000 Call | C21: Option (Call) | D21: Long | E21: 1 | F21: =C4 -> 22000 | G21: =C7 -> 7 | H21: =C4*C5/100*SQRT(C7/365/(2*PI()))*(1+C6*C7/365/2) -> 176.34938 | I21: =ABS(E21)*C8*C4 -> 1100000
A23: D. COMPUTED REFERENCE VALUES
A24: ATM Call Price (approx.) | C24: =C4*C5/100*SQRT(C7/365/(2*PI()))*(1+C6*C7/365/2) -> 176.34938
A25: ATM Put Price (approx.) | C25: =C24 -> 176.34938
A26: 1 Lot Notional (INR) | C26: =C8*C4 -> 1100000
A27: Annual Vol (from VIX) | C27: =C5/100 -> 0.145
A28: Daily Vol (approx.) | C28: =C5/100/SQRT(252) -> 0.0091341414

Sheet Scenarios
A1: 16 SPAN SCENARIOS — STANDARD PORTFOLIO ANALYSIS OF RISK
A2: SPAN evaluates portfolio P&L across 16 price × volatility scenarios. SPAN Margin = MAX(0, −MIN(weighted P&L)). Scenarios 15–16 are extreme tail events weighted at 35%.
A4: Scen # | B4: Price Fraction | C4: Vol Fraction | D4: Price Move (% of PSR) | E4: New Nifty Price | F4: Vol Move (% pts) | G4: New Vol (%) | H4: Futures P&L | I4: Options P&L (approx) | J4: Portfolio P&L | K4: Weight (%) | L4: Weighted P&L | M4: Extreme Scenario | N4: Worst Case
A5: 1 | B5: 0 | C5: 1 | D5: =B5*Inputs!C11 -> 0 | E5: =Inputs!C4*(1+D5) -> 22000 | F5: =C5*Inputs!C12*100 -> 4 | G5: =MAX((Inputs!C5+F5)/100,0.01) -> 0.185 | H5: =(-1)*Inputs!C8*(E5-Inputs!C4) -> 0 | I5: =(0.5*(Inputs!C4-E5)+0.4*Inputs!C4*SQRT(Inputs!C7/365)*F5/100)*Inputs!C8 -> 2437.3352 | J5: =H5+I5 -> 2437.3352 | K5: 1 | L5: =J5*K5 -> 2437.3352 | M5: — | N5: =IF(L5=MIN(L5:L20),"▼ WORST","—") -> —
A6: 2 | B6: 0 | C6: -1 | D6: =B6*Inputs!C11 -> 0 | E6: =Inputs!C4*(1+D6) -> 22000 | F6: =C6*Inputs!C12*100 -> -4 | G6: =MAX((Inputs!C5+F6)/100,0.01) -> 0.105 | H6: =(-1)*Inputs!C8*(E6-Inputs!C4) -> 0 | I6: =(0.5*(Inputs!C4-E6)+0.4*Inputs!C4*SQRT(Inputs!C7/365)*F6/100)*Inputs!C8 -> -2437.3352 | J6: =H6+I6 -> -2437.3352 | K6: 1 | L6: =J6*K6 -> -2437.3352 | M6: — | N6: =IF(L6=MIN(L5:L20),"▼ WORST","—") -> —
A7: 3 | B7: 0.3333 | C7: 1 | D7: =B7*Inputs!C11 -> 0.0116655 | E7: =Inputs!C4*(1+D7) -> 22256.641 | F7: =C7*Inputs!C12*100 -> 4 | G7: =MAX((Inputs!C5+F7)/100,0.01) -> 0.185 | H7: =(-1)*Inputs!C8*(E7-Inputs!C4) -> -12832.05 | I7: =(0.5*(Inputs!C4-E7)+0.4*Inputs!C4*SQRT(Inputs!C7/365)*F7/100)*Inputs!C8 -> -3978.6898 | J7: =H7+I7 -> -16810.74 | K7: 1 | L7: =J7*K7 -> -16810.74 | M7: — | N7: =IF(L7=MIN(L5:L20),"▼ WORST","—") -> —
A8: 4 | B8: 0.3333 | C8: -1 | D8: =B8*Inputs!C11 -> 0.0116655 | E8: =Inputs!C4*(1+D8) -> 22256.641 | F8: =C8*Inputs!C12*100 -> -4 | G8: =MAX((Inputs!C5+F8)/100,0.01) -> 0.105 | H8: =(-1)*Inputs!C8*(E8-Inputs!C4) -> -12832.05 | I8: =(0.5*(Inputs!C4-E8)+0.4*Inputs!C4*SQRT(Inputs!C7/365)*F8/100)*Inputs!C8 -> -8853.3602 | J8: =H8+I8 -> -21685.41 | K8: 1 | L8: =J8*K8 -> -21685.41 | M8: — | N8: =IF(L8=MIN(L5:L20),"▼ WORST","—") -> —
A9: 5 | B9: -0.3333 | C9: 1 | D9: =B9*Inputs!C11 -> -0.0116655 | E9: =Inputs!C4*(1+D9) -> 21743.359 | F9: =C9*Inputs!C12*100 -> 4 | G9: =MAX((Inputs!C5+F9)/100,0.01) -> 0.185 | H9: =(-1)*Inputs!C8*(E9-Inputs!C4) -> 12832.05 | I9: =(0.5*(Inputs!C4-E9)+0.4*Inputs!C4*SQRT(Inputs!C7/365)*F9/100)*Inputs!C8 -> 8853.3602 | J9: =H9+I9 -> 21685.41 | K9: 1 | L9: =J9*K9 -> 21685.41 | M9: — | N9: =IF(L9=MIN(L5:L20),"▼ WORST","—") -> —
A10: 6 | B10: -0.3333 | C10: -1 | D10: =B10*Inputs!C11 -> -0.0116655 | E10: =Inputs!C4*(1+D10) -> 21743.359 | F10: =C10*Inputs!C12*100 -> -4 | G10: =MAX((Inputs!C5+F10)/100,0.01) -> 0.105 | H10: =(-1)*Inputs!C8*(E10-Inputs!C4) -> 12832.05 | I10: =(0.5*(Inputs!C4-E10)+0.4*Inputs!C4*SQRT(Inputs!C7/365)*F10/100)*Inputs!C8 -> 3978.6898 | J10: =H10+I10 -> 16810.74 | K10: 1 | L10: =J10*K10 -> 16810.74 | M10: — | N10: =IF(L10=MIN(L5:L20),"▼ WORST","—") -> —
A11: 7 | B11: 0.6667 | C11: 1 | D11: =B11*Inputs!C11 -> 0.0233345 | E11: =Inputs!C4*(1+D11) -> 22513.359 | F11: =C11*Inputs!C12*100 -> 4 | G11: =MAX((Inputs!C5+F11)/100,0.01) -> 0.185 | H11: =(-1)*Inputs!C8*(E11-Inputs!C4) -> -25667.95 | I11: =(0.5*(Inputs!C4-E11)+0.4*Inputs!C4*SQRT(Inputs!C7/365)*F11/100)*Inputs!C8 -> -10396.64 | J11: =H11+I11 -> -36064.59 | K11: 1 | L11: =J11*K11 -> -36064.59 | M11: — | N11: =IF(L11=MIN(L5:L20),"▼ WORST","—") -> —
A12: 8 | B12: 0.6667 | C12: -1 | D12: =B12*Inputs!C11 -> 0.0233345 | E12: =Inputs!C4*(1+D12) -> 22513.359 | F12: =C12*Inputs!C12*100 -> -4 | G12: =MAX((Inputs!C5+F12)/100,0.01) -> 0.105 | H12: =(-1)*Inputs!C8*(E12-Inputs!C4) -> -25667.95 | I12: =(0.5*(Inputs!C4-E12)+0.4*Inputs!C4*SQRT(Inputs!C7/365)*F12/100)*Inputs!C8 -> -15271.31 | J12: =H12+I12 -> -40939.26 | K12: 1 | L12: =J12*K12 -> -40939.26 | M12: — | N12: =IF(L12=MIN(L5:L20),"▼ WORST","—") -> —
A13: 9 | B13: -0.6667 | C13: 1 | D13: =B13*Inputs!C11 -> -0.0233345 | E13: =Inputs!C4*(1+D13) -> 21486.641 | F13: =C13*Inputs!C12*100 -> 4 | G13: =MAX((Inputs!C5+F13)/100,0.01) -> 0.185 | H13: =(-1)*Inputs!C8*(E13-Inputs!C4) -> 25667.95 | I13: =(0.5*(Inputs!C4-E13)+0.4*Inputs!C4*SQRT(Inputs!C7/365)*F13/100)*Inputs!C8 -> 15271.31 | J13: =H13+I13 -> 40939.26 | K13: 1 | L13: =J13*K13 -> 40939.26 | M13: — | N13: =IF(L13=MIN(L5:L20),"▼ WORST","—") -> —
A14: 10 | B14: -0.6667 | C14: -1 | D14: =B14*Inputs!C11 -> -0.0233345 | E14: =Inputs!C4*(1+D14) -> 21486.641 | F14: =C14*Inputs!C12*100 -> -4 | G14: =MAX((Inputs!C5+F14)/100,0.01) -> 0.105 | H14: =(-1)*Inputs!C8*(E14-Inputs!C4) -> 25667.95 | I14: =(0.5*(Inputs!C4-E14)+0.4*Inputs!C4*SQRT(Inputs!C7/365)*F14/100)*Inputs!C8 -> 10396.64 | J14: =H14+I14 -> 36064.59 | K14: 1 | L14: =J14*K14 -> 36064.59 | M14: — | N14: =IF(L14=MIN(L5:L20),"▼ WORST","—") -> —
A15: 11 | B15: 1 | C15: 1 | D15: =B15*Inputs!C11 -> 0.035 | E15: =Inputs!C4*(1+D15) -> 22770 | F15: =C15*Inputs!C12*100 -> 4 | G15: =MAX((Inputs!C5+F15)/100,0.01) -> 0.185 | H15: =(-1)*Inputs!C8*(E15-Inputs!C4) -> -38500 | I15: =(0.5*(Inputs!C4-E15)+0.4*Inputs!C4*SQRT(Inputs!C7/365)*F15/100)*Inputs!C8 -> -16812.665 | J15: =H15+I15 -> -55312.665 | K15: 1 | L15: =J15*K15 -> -55312.665 | M15: — | N15: =IF(L15=MIN(L5:L20),"▼ WORST","—") -> —
A16: 12 | B16: 1 | C16: -1 | D16: =B16*Inputs!C11 -> 0.035 | E16: =Inputs!C4*(1+D16) -> 22770 | F16: =C16*Inputs!C12*100 -> -4 | G16: =MAX((Inputs!C5+F16)/100,0.01) -> 0.105 | H16: =(-1)*Inputs!C8*(E16-Inputs!C4) -> -38500 | I16: =(0.5*(Inputs!C4-E16)+0.4*Inputs!C4*SQRT(Inputs!C7/365)*F16/100)*Inputs!C8 -> -21687.335 | J16: =H16+I16 -> -60187.335 | K16: 1 | L16: =J16*K16 -> -60187.335 | M16: — | N16: =IF(L16=MIN(L5:L20),"▼ WORST","—") -> —
A17: 13 | B17: -1 | C17: 1 | D17: =B17*Inputs!C11 -> -0.035 | E17: =Inputs!C4*(1+D17) -> 21230 | F17: =C17*Inputs!C12*100 -> 4 | G17: =MAX((Inputs!C5+F17)/100,0.01) -> 0.185 | H17: =(-1)*Inputs!C8*(E17-Inputs!C4) -> 38500 | I17: =(0.5*(Inputs!C4-E17)+0.4*Inputs!C4*SQRT(Inputs!C7/365)*F17/100)*Inputs!C8 -> 21687.335 | J17: =H17+I17 -> 60187.335 | K17: 1 | L17: =J17*K17 -> 60187.335 | M17: — | N17: =IF(L17=MIN(L5:L20),"▼ WORST","—") -> —
A18: 14 | B18: -1 | C18: -1 | D18: =B18*Inputs!C11 -> -0.035 | E18: =Inputs!C4*(1+D18) -> 21230 | F18: =C18*Inputs!C12*100 -> -4 | G18: =MAX((Inputs!C5+F18)/100,0.01) -> 0.105 | H18: =(-1)*Inputs!C8*(E18-Inputs!C4) -> 38500 | I18: =(0.5*(Inputs!C4-E18)+0.4*Inputs!C4*SQRT(Inputs!C7/365)*F18/100)*Inputs!C8 -> 16812.665 | J18: =H18+I18 -> 55312.665 | K18: 1 | L18: =J18*K18 -> 55312.665 | M18: — | N18: =IF(L18=MIN(L5:L20),"▼ WORST","—") -> —
A19: 15 | B19: 3 | C19: 0 | D19: =B19*Inputs!C11 -> 0.105 | E19: =Inputs!C4*(1+D19) -> 24310 | F19: =C19*Inputs!C12*100 -> 0 | G19: =MAX((Inputs!C5+F19)/100,0.01) -> 0.145 | H19: =(-1)*Inputs!C8*(E19-Inputs!C4) -> -115500 | I19: =(0.5*(Inputs!C4-E19)+0.4*Inputs!C4*SQRT(Inputs!C7/365)*F19/100)*Inputs!C8 -> -57750 | J19: =H19+I19 -> -173250 | K19: 0.35 | L19: =J19*K19 -> -60637.5 | M19: YES | N19: =IF(L19=MIN(L5:L20),"▼ WORST","—") -> ▼ WORST
A20: 16 | B20: -3 | C20: 0 | D20: =B20*Inputs!C11 -> -0.105 | E20: =Inputs!C4*(1+D20) -> 19690 | F20: =C20*Inputs!C12*100 -> 0 | G20: =MAX((Inputs!C5+F20)/100,0.01) -> 0.145 | H20: =(-1)*Inputs!C8*(E20-Inputs!C4) -> 115500 | I20: =(0.5*(Inputs!C4-E20)+0.4*Inputs!C4*SQRT(Inputs!C7/365)*F20/100)*Inputs!C8 -> 57750 | J20: =H20+I20 -> 173250 | K20: 0.35 | L20: =J20*K20 -> 60637.5 | M20: YES | N20: =IF(L20=MIN(L5:L20),"▼ WORST","—") -> —
A22: SPAN MARGIN = MAX( 0, −MIN(Weighted P&L across 16 scenarios) ) | L22: =MAX(-MIN(L5:L20),0) -> 60637.5

Sheet Margin Calc
A1: TOTAL INITIAL MARGIN CALCULATION
A4: COMPONENT 1 OF 2 — SPAN MARGIN
A5: Worst-case scenario weighted P&L | C5: =MIN(Scenarios!L5:L20) -> -60637.5
A6: SPAN Margin [= MAX(0, −worst P&L)] | C6: =MAX(-MIN(Scenarios!L5:L20),0) -> 60637.5
A8: COMPONENT 2 OF 2 — EXPOSURE MARGIN (NSE mandate)
A9: Notional value of short position | C9: =ABS(-1)*Inputs!C8*Inputs!C4 -> 1100000
A10: Exposure margin rate (index futures) | C10: =Inputs!C15 -> 0.03
A11: Exposure Margin [= Notional × Rate] | C11: =C9*C10 -> 33000
A13: TOTAL INITIAL MARGIN = SPAN + EXPOSURE
A14: SPAN Margin | C14: =C6 -> 60637.5
A15: Exposure Margin | C15: =C11 -> 33000
A16: TOTAL INITIAL MARGIN | C16: =C14+C15 -> 93637.5
A18: Note: SPAN margin covers the scenario-based P&L risk. Exposure margin is NSE's additional buffer against gap risk. Both are blocked in your trading account.

Sheet Comparison
A1: PORTFOLIO MARGINING — NAKED vs HEDGED POSITION
A2: SPAN evaluates risk at portfolio level. A long put hedge reduces worst-case scenario losses, directly reducing the SPAN margin requirement. This is portfolio margining.
A5: Metric | B5: Units | C5: Naked Short Futures (1 lot) | E5: Hedged Position (Short Fut + Long Call) | G5: Margin Saving (INR) | H5: Saving (%)
A6: Nifty Spot Price | B6: INR | C6: =Inputs!C4 -> 22000 | E6: =Inputs!C4 -> 22000
A7: India VIX | B7: % | C7: =Inputs!C5 -> 14.5 | E7: =Inputs!C5 -> 14.5
A8: Price Scan Range | B8: % | C8: =Inputs!C11 -> 0.035 | E8: =Inputs!C11 -> 0.035
A9: Position | C9: Short Futures | E9: Short Fut + Long Call
A10: Lots | C10: 1 | E10: 2
A12: KEY MARGIN METRICS
A13: SPAN Margin | B13: INR | C13: =Scenarios!L22 -> 60637.5 | D13: → | E13: =C13*0.4 -> 24255 | F13: = | G13: =C13-E13 -> 36382.5 | H13: =(C13-E13)/C13 -> 0.6
A14: Exposure Margin | B14: INR | C14: ='Margin Calc'!C11 -> 33000 | D14: → | E14: ='Margin Calc'!C11 -> 33000 | F14: = | G14: =C14-E14 -> 0 | H14: =(C14-E14)/C14 -> 0
A15: TOTAL MARGIN | B15: INR | C15: ='Margin Calc'!C16 -> 93637.5 | D15: → | E15: =E13+E14 -> 57255 | F15: = | G15: =C15-E15 -> 36382.5 | H15: =(C15-E15)/C15 -> 0.38854626
A17: Note: Hedged margin estimated at 40% of naked for illustrative purposes. Actual saving depends on option delta, time to expiry, and current volatility. In practice, ATM put hedge on 1 lot typically saves 40–65% of naked margin.

Sheet VIX Sensitivity
A1: VIX SENSITIVITY ANALYSIS — MARGIN vs VOLATILITY REGIME
A2: This table shows how SPAN margin on 1 lot short Nifty futures changes with VIX. This is the mechanism behind overnight margin increases before RBI policy, Budget, and elections.
A4: India VIX | B4: Implied Vol (%) | C4: PSR (%) | D4: SPAN Margin (INR) approx | E4: Exposure Margin (INR) | F4: Total Margin (INR) | G4: vs Base Case (INR) | H4: Change (%) | I4: Volatility Regime
A5: 10 | B5: 0.1 | C5: 0.035 | D5: 21200 | E5: 33000 | F5: =D5+E5 -> 54200 | G5: 0 | H5: 0 | I5: Calm
A6: 11 | B6: 0.11 | C6: 0.035 | D6: 21200 | E6: 33000 | F6: =D6+E6 -> 54200 | G6: 0 | H6: 0 | I6: Calm
A7: 12 | B7: 0.12 | C7: 0.035 | D7: 21200 | E7: 33000 | F7: =D7+E7 -> 54200 | G7: 0 | H7: 0 | I7: Calm
A8: 13 | B8: 0.13 | C8: 0.035 | D8: 21200 | E8: 33000 | F8: =D8+E8 -> 54200 | G8: 0 | H8: 0 | I8: Calm
A9: 14 | B9: 0.14 | C9: 0.035 | D9: 21200 | E9: 33000 | F9: =D9+E9 -> 54200 | G9: — | H9: — | I9: Calm
A10: 15 | B10: 0.15 | C10: 0.0375 | D10: 22700 | E10: 33000 | F10: =D10+E10 -> 55700 | G10: =F10-$F$9 -> 1500 | H10: =G10/$F$9 -> 0.027675277 | I10: Calm
A11: 16 | B11: 0.16 | C11: 0.04 | D11: 24200 | E11: 33000 | F11: =D11+E11 -> 57200 | G11: =F11-$F$9 -> 3000 | H11: =G11/$F$9 -> 0.055350554 | I11: Elevated
A12: 17 | B12: 0.17 | C12: 0.0425 | D12: 25700 | E12: 33000 | F12: =D12+E12 -> 58700 | G12: =F12-$F$9 -> 4500 | H12: =G12/$F$9 -> 0.08302583 | I12: Elevated
A13: 18 | B13: 0.18 | C13: 0.045 | D13: 27200 | E13: 33000 | F13: =D13+E13 -> 60200 | G13: =F13-$F$9 -> 6000 | H13: =G13/$F$9 -> 0.11070111 | I13: Elevated
A14: 19 | B14: 0.19 | C14: 0.0475 | D14: 28700 | E14: 33000 | F14: =D14+E14 -> 61700 | G14: =F14-$F$9 -> 7500 | H14: =G14/$F$9 -> 0.13837638 | I14: Elevated
A15: 20 | B15: 0.2 | C15: 0.05 | D15: 30300 | E15: 33000 | F15: =D15+E15 -> 63300 | G15: =F15-$F$9 -> 9100 | H15: =G15/$F$9 -> 0.16789668 | I15: Elevated
A16: 22 | B16: 0.22 | C16: 0.055 | D16: 33300 | E16: 33000 | F16: =D16+E16 -> 66300 | G16: =F16-$F$9 -> 12100 | H16: =G16/$F$9 -> 0.22324723 | I16: Elevated
A17: 24 | B17: 0.24 | C17: 0.06 | D17: 36300 | E17: 33000 | F17: =D17+E17 -> 69300 | G17: =F17-$F$9 -> 15100 | H17: =G17/$F$9 -> 0.27859779 | I17: Stressed
A18: 26 | B18: 0.26 | C18: 0.065 | D18: 39300 | E18: 33000 | F18: =D18+E18 -> 72300 | G18: =F18-$F$9 -> 18100 | H18: =G18/$F$9 -> 0.33394834 | I18: Stressed
A19: 28 | B19: 0.28 | C19: 0.07 | D19: 42400 | E19: 33000 | F19: =D19+E19 -> 75400 | G19: =F19-$F$9 -> 21200 | H19: =G19/$F$9 -> 0.39114391 | I19: Stressed
A20: 30 | B20: 0.3 | C20: 0.075 | D20: 45400 | E20: 33000 | F20: =D20+E20 -> 78400 | G20: =F20-$F$9 -> 24200 | H20: =G20/$F$9 -> 0.44649446 | I20: Stressed
A21: 35 | B21: 0.35 | C21: 0.0875 | D21: 52900 | E21: 33000 | F21: =D21+E21 -> 85900 | G21: =F21-$F$9 -> 31700 | H21: =G21/$F$9 -> 0.58487085 | I21: Crisis
... A23: 50 | B23: 0.5 | C23: 0.125 | D23: 75600 | E23: 33000 | F23: =D23+E23 -> 108600 | G23: =F23-$F$9 -> 54400 | H23: =G23/$F$9 -> 1.00369 | I23: Crisis
A25: Base case: VIX = 14. Approx SPAN margin on 1 lot short Nifty futures (Lot size 50, spot ₹22,000). PSR widens beyond 3.5% when VIX > 14. Actual NSE parameters updated each trading session.

Sheet Methodology
A1: METHODOLOGY & FORMULA REFERENCE
A4: 1. WHAT IS SPAN?
A5: Standard Portfolio Analysis of Risk (SPAN) was developed by the Chicago Mercantile Exchange in 1988.
A6: It is the global standard for derivative margin calculation and is used by NSE, BSE, and most major exchanges.
A7: SPAN evaluates the worst-case loss of a portfolio across 16 predefined price-volatility scenarios.
A9: 2. THE 16 SCENARIO STRUCTURE
A10: Each scenario is defined by two parameters:
A11: Price fraction: 0, ±1/3, ±2/3, ±1 of the Price Scan Range (PSR)
A12: Volatility fraction: ±1 of the Volatility Scan Range (VSR)
A13: Scenarios 15 & 16: ±2× PSR (extreme tail), volatility unchanged, weighted at 35%
A15: 3. KEY FORMULAS
A16: Price Scan Range (PSR) | D16: Scenario price move limit. NSE sets ~3.5% for Nifty, wider during stressed markets.
A17: Volatility Scan Range (VSR) | D17: ±VIX change per scenario. NSE currently uses ±4 percentage points.
A18: Scenario price move | D18: Price Fraction × PSR × Current Spot
A19: Scenario new spot
A20: Scenario new volatility | D20: Current VIX + (Vol Fraction × VSR)
A21: Futures P&L
A22: Option P&L (approx) | D22: ≈ (−Delta × ΔS + Vega × ΔVol) × Lot Size [Full model uses Black-Scholes revaluation]
A23: Portfolio P&L (scenario) | D23: Σ P&L across all positions in the portfolio under that scenario
A24: Weighted P&L
A25: SPAN Margin
A26: Exposure Margin (Index Fut)
A27: Total Initial Margin | D27: SPAN Margin + Exposure Margin
A29: 4. WHY MARGIN CHANGES OVERNIGHT
A30: SPAN recalculates margin multiple times per trading session using live inputs:
A31: India VIX rises before high-impact events → scenario losses increase → SPAN margin increases
A32: NSE widens the PSR before major events → larger price moves in each scenario → higher losses
A33: Position unchanged. Margin changes because the risk model inputs changed.
A35: 5. PORTFOLIO MARGINING
A36: SPAN evaluates the entire portfolio, not individual positions.
A37: If a long put hedge gains value in the same scenario where short futures loses:
A38: → Net portfolio loss in that scenario is lower
A39: → Worst-case portfolio loss is lower
A40: → SPAN margin is lower
A41: This is why a hedged portfolio requires less margin than the sum of its individual parts.
... A47: PSR, VSR, and exposure margin rates set by NSE and subject to change.
